ISSN,期刊名称,综合评分,h-index,CiteScore,中科院分区,5年IF
0306-3674,BRITISH JOURNAL OF SPORTS MEDICINE,9.3,141,21.0,1区,14.50
2095-2546,Journal of Sport and Health Science,8.0,22,19.9,1区,9.20
0112-1642,SPORTS MEDICINE,8.9,159,19.1,1区,11.50
2199-1170,Sports Medicine-Open,8.1,0,7.7,2区,5.50
0190-6011,JOURNAL OF ORTHOPAEDIC & SPORTS PHYSICAL THERAPY,6.5,104,8.4,2区,6.30
0749-8063,ARTHROSCOPY-THE JOURNAL OF ARTHROSCOPIC AND RELATED SURGERY,7.6,144,9.6,2区,4.30
0860-021X,BIOLOGY OF SPORT,4.9,20,9.4,2区,4.10
0942-2056,KNEE SURGERY SPORTS TRAUMATOLOGY ARTHROSCOPY,6.6,109,8.4,2区,3.60
0091-6331,EXERCISE AND SPORT SCIENCES REVIEWS,7.4,87,9.6,2区,6.10
0363-5465,AMERICAN JOURNAL OF SPORTS MEDICINE,8.0,196,8.8,1区,5.40
1555-0265,International Journal of Sports Physiology and Performance,7.2,49,6.6,2区,3.70
1550-2783,Journal of the International Society of Sports Nutrition,7.1,37,8.9,2区,4.80
0195-9131,MEDICINE & SCIENCE IN SPORTS & EXERCISE,7.7,203,7.1,2区,5.20
1077-5552,EXERCISE IMMUNOLOGY REVIEW,7.3,49,7.5,4区,4.90
0905-7188,SCANDINAVIAN JOURNAL OF MEDICINE & SCIENCE IN SPORTS,6.4,97,6.9,2区,4.10
0003-9993,ARCHIVES OF PHYSICAL MEDICINE AND REHABILITATION,6.9,169,6.3,2区,3.90
2211-2669,Performance Enhancement & Health,0.0,0,4.3,2区,-
1728-869X,Journal of Exercise Science & Fitness,4.8,17,5.7,3区,2.80
2473-3938,Science and Medicine in Football,6.9,0,7.9,2区,2.80
1440-2440,JOURNAL OF SCIENCE AND MEDICINE IN SPORT,7.4,85,6.9,2区,3.50
8750-7587,Journal of Applied Physiology,6.7,211,6.0,2区,3.50
2398-9459,BMJ Open Sport & Exercise Medicine,4.0,0,6.0,3区,-
2059-7754,Journal of ISAKOS Joint Disorders & Orthopaedic Sports Medicine,3.9,0,3.5,3区,-
2159-676X,Qualitative Research in Sport Exercise and Health,8.1,0,16.0,2区,11.60
1746-1391,European Journal of Sport Science,6.4,41,6.9,3区,3.20
1064-8011,JOURNAL OF STRENGTH AND CONDITIONING RESEARCH,6.5,108,6.5,2区,3.00
1524-1602,STRENGTH AND CONDITIONING JOURNAL,5.0,32,5.0,4区,2.80
1058-2746,JOURNAL OF SHOULDER AND ELBOW SURGERY,6.5,123,6.5,2区,3.30
2075-4663,Sports,3.9,0,4.1,3区,-
1062-6050,Journal of Athletic Training,5.1,96,4.9,3区,3.60
1640-5544,Journal of Human Kinetics,5.0,26,4.4,3区,2.50
1303-2968,Journal of Sports Science and Medicine,5.0,50,4.9,3区,3.30
1934-1482,PM&R,5.2,52,4.4,4区,2.40
2052-1847,BMC Sports Science Medicine and Rehabilitation,4.8,0,4.0,3区,2.30
1439-6319,EUROPEAN JOURNAL OF APPLIED PHYSIOLOGY,6.5,118,6.0,3区,3.00
1526-484X,INTERNATIONAL JOURNAL OF SPORT NUTRITION AND EXERCISE METABOLISM,6.2,65,5.0,3区,4.40
1941-7381,Sports Health-A Multidisciplinary Approach,6.1,34,6.6,3区,3.70
2624-9367,Frontiers in Sports and Active Living,4.1,0,3.8,3区,-
0264-0414,JOURNAL OF SPORTS SCIENCES,6.4,117,5.3,3区,3.40
2325-9671,Orthopaedic Journal of Sports Medicine,6.0,0,4.5,3区,2.80
2411-5142,Journal of Functional Morphology and Kinesiology,3.3,0,3.7,3区,-
0894-9115,AMERICAN JOURNAL OF PHYSICAL MEDICINE & REHABILITATION,5.5,89,3.8,4区,2.40
0966-6362,GAIT & POSTURE,5.5,129,4.9,3区,2.70
1466-853X,Physical Therapy in Sport,5.1,39,4.8,3区,2.50
1050-6411,JOURNAL OF ELECTROMYOGRAPHY AND KINESIOLOGY,5.1,89,4.2,3区,2.40
1650-1977,JOURNAL OF REHABILITATION MEDICINE,5.0,87,4.7,4区,2.90
2666-3376,Sports Medicine and Health Science,3.3,0,4.2,3区,-
0172-4622,INTERNATIONAL JOURNAL OF SPORTS MEDICINE,6.3,92,5.2,4区,2.40
2379-2868,Translational Journal of the American College of Sports Medicine,3.9,0,2.4,4区,-
1715-5312,Applied Physiology Nutrition and Metabolism,6.5,78,4.6,4区,2.80
2159-2896,International Journal of Sports Physical Therapy,3.8,0,3.1,4区,-
0968-0160,KNEE,5.4,69,3.7,4区,2.00
1476-3141,Sports Biomechanics,5.1,34,6.1,3区,2.10
1543-8627,Research in Sports Medicine,5.2,29,5.5,4区,2.40
2509-3142,German Journal of Exercise and Sport Research,3.9,0,3.8,4区,-
2573-8488,Translational Sports Medicine,3.9,0,3.5,4区,-
1091-5397,ACSMS HEALTH & FITNESS JOURNAL,4.9,15,2.7,4区,1.50
1050-642X,CLINICAL JOURNAL OF SPORT MEDICINE,6.3,94,4.5,3区,2.40
0890-5339,JOURNAL OF ORTHOPAEDIC TRAUMA,5.2,109,3.5,3区,2.60
1062-8592,SPORTS MEDICINE AND ARTHROSCOPY REVIEW,5.1,43,3.9,4区,3.30
0091-3847,PHYSICIAN AND SPORTSMEDICINE,5.1,37,4.8,4区,2.40
0736-5829,ADAPTED PHYSICAL ACTIVITY QUARTERLY,5.2,47,2.9,4区,2.00
0278-5919,CLINICS IN SPORTS MEDICINE,5.2,73,3.7,4区,2.00
0270-1367,RESEARCH QUARTERLY FOR EXERCISE AND SPORT,5.2,82,4.2,4区,2.30
1179-1543,Open Access Journal of Sports Medicine,3.7,0,2.6,4区,-
1089-313X,Journal of Dance Medicine & Science,3.9,0,2.1,4区,-
1840-2976,Acta Kinesiologica,3.7,0,0.0,4区,-
1643-8698,Archives of Budo,4.8,18,2.9,4区,-
1063-8652,JOURNAL OF AGING AND PHYSICAL ACTIVITY,5.1,52,3.0,4区,1.80
1056-6716,Journal of Sport Rehabilitation,5.1,43,3.2,4区,1.70
2080-1297,Baltic Journal of Health and Physical Activity,3.7,0,1.9,4区,-
0268-0033,CLINICAL BIOMECHANICS,5.6,115,2.8,4区,1.80
1537-890X,Current Sports Medicine Reports,5.1,43,3.0,4区,2.20
1527-0297,HIGH ALTITUDE MEDICINE & BIOLOGY,5.2,46,3.2,4区,2.80
1087-1640,MOTOR CONTROL,5.0,41,2.2,4区,1.00
1369-7072,Sports Engineering,3.9,0,2.4,4区,-
2214-6873,Asia-Pacific Journal of Sport Medicine Arthroscopy Rehabilitation and Technology,3.8,0,2.5,4区,-
1800-8755,Montenegrin Journal of Sports Science and Medicine,3.8,0,3.4,4区,-
1065-8483,Journal of Applied Biomechanics,5.1,50,2.1,4区,1.50
0022-4707,JOURNAL OF SPORTS MEDICINE AND PHYSICAL FITNESS,5.2,58,3.0,4区,1.40
0899-8493,PEDIATRIC EXERCISE SCIENCE,5.1,60,2.6,4区,1.80
1824-7490,Sport Sciences for Health,4.0,0,2.8,4区,-
2666-5069,Apunts Sports Medicine,3.8,0,2.4,4区,-
2096-6709,Journal of Science in Sport and Exercise,0.0,0,2.8,4区,-
2215-020X,Journal of Sports Analytics,3.8,0,0.0,4区,-
1080-6032,WILDERNESS & ENVIRONMENTAL MEDICINE,5.0,37,2.0,4区,1.60
1754-3371,Proceedings of the Institution of Mechanical Engineers Part P-Journal of Sports Engineering and Technology,4.9,16,4.2,4区,1.10
2300-5076,Physical Activity Review,3.7,0,2.8,4区,-
0765-1597,SCIENCE & SPORTS,4.9,20,1.7,4区,0.90
1331-1441,Kinesiology,5.1,16,1.8,4区,1.20
2300-8822,Archives of Budo Science of Martial Arts and Extreme Sports,3.4,0,0.0,4区,-
1988-5202,Journal of Human Sport and Exercise,3.7,0,1.9,4区,-
0959-3020,ISOKINETICS AND EXERCISE SCIENCE,5.2,24,1.4,4区,0.70
1060-1872,OPERATIVE TECHNIQUES IN SPORTS MEDICINE,5.0,28,1.0,4区,0.40
2336-4912,Acta Gymnica,3.7,0,2.0,4区,-
1855-7171,Science of Gymnastics Journal,3.8,0,1.2,4区,-
2255-0461,Revista Iberoamericana de Ciencias de la Actividad Fisica y el Deporte,3.7,0,0.0,4区,-
2386-4095,European Journal of Human Movement,3.9,0,1.0,4区,-
0025-7826,MEDICINA DELLO SPORT,4.8,11,1.0,4区,0.50
1659-097X,MHSalud-Revista en Ciencias del Movimiento Humano y la Salud,3.7,0,0.8,4区,-
0940-6689,PHYSIKALISCHE MEDIZIN REHABILITATIONSMEDIZIN KURORTMEDIZIN,4.8,15,1.0,4区,0.50
0932-0555,SPORTVERLETZUNG-SPORTSCHADEN,4.8,19,1.0,4区,1.00
2157-7277,International Journal of Athletic Therapy & Training,3.5,0,0.8,4区,-
2340-8812,Sport TK-Revista Euroamericana de Ciencias del Deporte,3.7,0,1.1,4区,-
1613-0863,Bewegungstherapie und Gesundheitssport,3.7,0,0.0,4区,-
1409-0724,Pensar en Movimiento-Revista de Ciencias del Ejercicio y la Salud,3.6,0,0.0,4区,-
1318-2269,Kinesiologia Slovenica,3.9,0,0.5,4区,-
2500-0209,Human Sport Medicine,3.7,0,0.6,4区,-
1981-9927,RBNE-Revista Brasileira de Nutricao Esportiva,3.2,0,0.0,4区,-
0120-677X,Educacion Fisica y Deporte,3.2,0,0.0,4区,-
1885-3137,RICYDE-Revista Internacional de Ciencias del Deporte,3.7,0,2.1,4区,-
